{"cameraMode":{"drawMode":0,"name":"Shaded","section":"Shading Mode"},"sceneLighting":false,"audioPlay":false,"sceneViewState":{"m_AlwaysRefresh":false,"showFog":true,"showSkybox":false,"showFlares":true,"showImageEffects":true,"showParticleSystems":true,"showVisualEffectGraphs":true,"m_FxEnabled":true},"in2DMode":false,"pivot":{"x":-0.2593119144439697,"y":1.2300065755844117,"z":2.721494674682617},"rotation":{"x":0.11603683233261109,"y":-0.4281328320503235,"z":0.05553819239139557,"w":0.8945140838623047},"size":0.3057873249053955,"orthographic":true}