{"cameraMode":{"drawMode":0,"name":"Shaded","section":"Shading Mode"},"sceneLighting":false,"audioPlay":false,"sceneViewState":{"m_AlwaysRefresh":false,"showFog":true,"showSkybox":false,"showFlares":true,"showImageEffects":true,"showParticleSystems":true,"showVisualEffectGraphs":true,"m_FxEnabled":true},"in2DMode":false,"pivot":{"x":-0.24721144139766694,"y":1.2398931980133057,"z":2.7280192375183107},"rotation":{"x":0.14190402626991273,"y":-0.3100002706050873,"z":0.04685264453291893,"w":0.9389199614524841},"size":0.3214968740940094,"orthographic":true}