{"cameraMode":{"drawMode":0,"name":"Shaded","section":"Shading Mode"},"sceneLighting":false,"audioPlay":false,"sceneViewState":{"m_AlwaysRefresh":false,"showFog":true,"showSkybox":false,"showFlares":true,"showImageEffects":true,"showParticleSystems":true,"showVisualEffectGraphs":true,"m_FxEnabled":true},"in2DMode":false,"pivot":{"x":-0.26689860224723818,"y":1.2506155967712403,"z":2.74568772315979},"rotation":{"x":0.0919622853398323,"y":-0.22298283874988557,"z":0.02113479934632778,"w":0.9702458381652832},"size":0.4138505756855011,"orthographic":true}