{"cameraMode":{"drawMode":0,"name":"Shaded","section":"Shading Mode"},"sceneLighting":false,"audioPlay":false,"sceneViewState":{"m_AlwaysRefresh":false,"showFog":true,"showSkybox":false,"showFlares":true,"showImageEffects":true,"showParticleSystems":true,"showVisualEffectGraphs":true,"m_FxEnabled":true},"in2DMode":false,"pivot":{"x":0.027766823768615724,"y":1.5362603664398194,"z":-0.22905796766281129},"rotation":{"x":0.14431767165660859,"y":-0.3985963761806488,"z":0.0636693611741066,"w":0.9034704566001892},"size":0.3088231682777405,"orthographic":true}