{"cameraMode":{"drawMode":0,"name":"Shaded","section":"Shading Mode"},"sceneLighting":false,"audioPlay":false,"sceneViewState":{"m_AlwaysRefresh":false,"showFog":true,"showSkybox":false,"showFlares":true,"showImageEffects":true,"showParticleSystems":true,"showVisualEffectGraphs":true,"m_FxEnabled":true},"in2DMode":false,"pivot":{"x":0.022571086883544923,"y":0.03379133343696594,"z":0.04146464914083481},"rotation":{"x":0.12544646859169007,"y":-0.30004873871803286,"z":0.039834894239902499,"w":0.9448171257972717},"size":0.355688214302063,"orthographic":true}