{"cameraMode":{"drawMode":0,"name":"Shaded","section":"Shading Mode"},"sceneLighting":true,"audioPlay":false,"sceneViewState":{"m_AlwaysRefresh":false,"showFog":true,"showSkybox":false,"showFlares":true,"showImageEffects":true,"showParticleSystems":true,"showVisualEffectGraphs":true,"m_FxEnabled":true},"in2DMode":false,"pivot":{"x":-0.004078224301338196,"y":1.4817088842391968,"z":-0.37089842557907107},"rotation":{"x":0.1305585354566574,"y":-0.40249159932136538,"z":0.05811549723148346,"w":0.9042061567306519},"size":0.45708373188972475,"orthographic":true}