{"cameraMode":{"drawMode":0,"name":"Shaded","section":"Shading Mode"},"sceneLighting":true,"audioPlay":false,"sceneViewState":{"m_AlwaysRefresh":false,"showFog":true,"showSkybox":false,"showFlares":true,"showImageEffects":true,"showParticleSystems":true,"showVisualEffectGraphs":true,"m_FxEnabled":true},"in2DMode":false,"pivot":{"x":3.0580310821533205,"y":0.4627661108970642,"z":2.9909019470214845},"rotation":{"x":0.14540232717990876,"y":-0.33858102560043337,"z":0.05304259806871414,"w":0.9281265139579773},"size":0.3094959259033203,"orthographic":true}