{"cameraMode":{"drawMode":0,"name":"Shaded","section":"Shading Mode"},"sceneLighting":false,"audioPlay":false,"sceneViewState":{"m_AlwaysRefresh":false,"showFog":true,"showSkybox":false,"showFlares":true,"showImageEffects":true,"showParticleSystems":true,"showVisualEffectGraphs":true,"m_FxEnabled":true},"in2DMode":false,"pivot":{"x":0.018072444945573808,"y":1.4749736785888672,"z":0.027976348996162416},"rotation":{"x":0.14797408878803254,"y":-0.37692585587501528,"z":0.061139680445194247,"w":0.9123014211654663},"size":0.360311895608902,"orthographic":true}