{"cameraMode":{"drawMode":0,"name":"Shaded","section":"Shading Mode"},"sceneLighting":false,"audioPlay":false,"sceneViewState":{"m_AlwaysRefresh":false,"showFog":true,"showSkybox":false,"showFlares":true,"showImageEffects":true,"showParticleSystems":true,"showVisualEffectGraphs":true,"m_FxEnabled":true},"in2DMode":false,"pivot":{"x":-0.012375876307487488,"y":0.2638903260231018,"z":-0.032806187868118289},"rotation":{"x":0.4153767228126526,"y":-0.012279637157917023,"z":0.0056079174391925339,"w":0.9095498919487},"size":0.511020302772522,"orthographic":true}