{"cameraMode":{"drawMode":0,"name":"Shaded","section":"Shading Mode"},"sceneLighting":false,"audioPlay":false,"sceneViewState":{"m_AlwaysRefresh":false,"showFog":true,"showSkybox":false,"showFlares":true,"showImageEffects":true,"showParticleSystems":true,"showVisualEffectGraphs":true,"m_FxEnabled":true},"in2DMode":false,"pivot":{"x":-0.043958403170108798,"y":0.34350061416625979,"z":0.033763691782951358},"rotation":{"x":0.11663379520177841,"y":-0.8690341114997864,"z":0.4136972427368164,"w":0.24500612914562226},"size":0.2999376356601715,"orthographic":true}