{"cameraMode":{"drawMode":0,"name":"Shaded","section":"Shading Mode"},"sceneLighting":false,"audioPlay":false,"sceneViewState":{"m_AlwaysRefresh":false,"showFog":true,"showSkybox":false,"showFlares":true,"showImageEffects":true,"showParticleSystems":true,"showVisualEffectGraphs":true,"m_FxEnabled":true},"in2DMode":false,"pivot":{"x":0.0605437308549881,"y":0.300167441368103,"z":-0.03174058347940445},"rotation":{"x":0.0538904033601284,"y":-0.05539129674434662,"z":0.0029925918206572534,"w":0.9970086216926575},"size":0.3266572654247284,"orthographic":true}