{"cameraMode":{"drawMode":0,"name":"Shaded","section":"Shading Mode"},"sceneLighting":false,"audioPlay":false,"sceneViewState":{"m_AlwaysRefresh":false,"showFog":true,"showSkybox":false,"showFlares":true,"showImageEffects":true,"showParticleSystems":true,"showVisualEffectGraphs":true,"m_FxEnabled":true},"in2DMode":false,"pivot":{"x":-0.03608604520559311,"y":0.23460730910301209,"z":-0.0464840903878212},"rotation":{"x":0.07152485847473145,"y":-0.8358564972877502,"z":0.11225330829620362,"w":0.5325736999511719},"size":0.3399757742881775,"orthographic":true}