{"cameraMode":{"drawMode":0,"name":"Shaded","section":"Shading Mode"},"sceneLighting":true,"audioPlay":false,"sceneViewState":{"m_AlwaysRefresh":false,"showFog":true,"showSkybox":false,"showFlares":true,"showImageEffects":true,"showParticleSystems":true,"showVisualEffectGraphs":true,"m_FxEnabled":true},"in2DMode":false,"pivot":{"x":2.9318647384643556,"y":2.40055775642395,"z":4.247892379760742},"rotation":{"x":0.07387707382440567,"y":-0.4415449798107147,"z":0.036510348320007327,"w":0.8934466242790222},"size":2.6682136058807375,"orthographic":true}