{"cameraMode":{"drawMode":0,"name":"Shaded","section":"Shading Mode"},"sceneLighting":false,"audioPlay":false,"sceneViewState":{"m_AlwaysRefresh":false,"showFog":true,"showSkybox":false,"showFlares":true,"showImageEffects":true,"showParticleSystems":true,"showVisualEffectGraphs":true,"m_FxEnabled":true},"in2DMode":false,"pivot":{"x":0.8799047470092773,"y":1.8854143619537354,"z":6.045068740844727},"rotation":{"x":0.28409266471862795,"y":-0.26309439539909365,"z":0.08138472586870194,"w":0.9183945059776306},"size":4.320817470550537,"orthographic":true}