{"cameraMode":{"drawMode":0,"name":"Shaded","section":"Shading Mode"},"sceneLighting":false,"audioPlay":false,"sceneViewState":{"m_AlwaysRefresh":false,"showFog":true,"showSkybox":true,"showFlares":true,"showImageEffects":true,"showParticleSystems":true,"showVisualEffectGraphs":true,"m_FxEnabled":true},"in2DMode":false,"pivot":{"x":1.8041768074035645,"y":8.096580505371094,"z":-7.2171173095703129},"rotation":{"x":-0.3645120859146118,"y":0.1215769499540329,"z":-0.048062968999147418,"w":-0.9219751954078674},"size":10.732950210571289,"orthographic":true}