{"cameraMode":{"drawMode":0,"name":"Shaded","section":"Shading Mode"},"sceneLighting":true,"audioPlay":false,"sceneViewState":{"m_AlwaysRefresh":false,"showFog":true,"showSkybox":true,"showFlares":true,"showImageEffects":true,"showParticleSystems":true,"showVisualEffectGraphs":true,"m_FxEnabled":true},"in2DMode":false,"pivot":{"x":-0.12259840965270996,"y":3.9430718421936037,"z":-3.884274959564209},"rotation":{"x":0.42670291662216189,"y":-0.16025970876216889,"z":0.07711859792470932,"w":0.8867357969284058},"size":11.73098373413086,"orthographic":true}