{"cameraMode":{"drawMode":0,"name":"Shaded","section":"Shading Mode"},"sceneLighting":false,"audioPlay":false,"sceneViewState":{"m_AlwaysRefresh":false,"showFog":true,"showSkybox":true,"showFlares":true,"showImageEffects":true,"showParticleSystems":true,"showVisualEffectGraphs":true,"m_FxEnabled":true},"in2DMode":false,"pivot":{"x":-15.17351245880127,"y":-1.4939630031585694,"z":0.30599403381347659},"rotation":{"x":0.5832169055938721,"y":-0.16780130565166474,"z":0.12467474490404129,"w":0.7849578261375427},"size":5.738946437835693,"orthographic":true}