{"cameraMode":{"drawMode":0,"name":"Shaded","section":"Shading Mode"},"sceneLighting":false,"audioPlay":false,"sceneViewState":{"m_AlwaysRefresh":false,"showFog":true,"showSkybox":true,"showFlares":true,"showImageEffects":true,"showParticleSystems":true,"showVisualEffectGraphs":true,"m_FxEnabled":true},"in2DMode":false,"pivot":{"x":3.670309066772461,"y":1.8868708610534669,"z":3.923585891723633},"rotation":{"x":0.3228886127471924,"y":-0.28689226508140566,"z":0.10339819639921189,"w":0.8959491848945618},"size":14.146849632263184,"orthographic":true}