{"cameraMode":{"drawMode":0,"name":"Shaded","section":"Shading Mode"},"sceneLighting":true,"audioPlay":false,"sceneViewState":{"m_AlwaysRefresh":false,"showFog":true,"showSkybox":true,"showFlares":true,"showImageEffects":true,"showParticleSystems":true,"showVisualEffectGraphs":true,"m_FxEnabled":true},"in2DMode":false,"pivot":{"x":1.9355103969573975,"y":0.6999080181121826,"z":2.7797048091888429},"rotation":{"x":0.2905742824077606,"y":-0.28097254037857058,"z":0.08969248831272125,"w":0.9102495908737183},"size":3.4850518703460695,"orthographic":true}