{"cameraMode":{"drawMode":0,"name":"Shaded","section":"Shading Mode"},"sceneLighting":true,"audioPlay":false,"sceneViewState":{"m_AlwaysRefresh":false,"showFog":true,"showSkybox":true,"showFlares":true,"showImageEffects":true,"showParticleSystems":true,"showVisualEffectGraphs":true,"m_FxEnabled":true},"in2DMode":false,"pivot":{"x":-9.824907302856446,"y":1.8027300834655762,"z":-10.274382591247559},"rotation":{"x":0.15038025379180909,"y":-0.6116344332695007,"z":0.11985290050506592,"w":0.7674369215965271},"size":16.579837799072267,"orthographic":true}