{"cameraMode":{"drawMode":0,"name":"Shaded","section":"Shading Mode"},"sceneLighting":false,"audioPlay":false,"sceneViewState":{"m_AlwaysRefresh":false,"showFog":true,"showSkybox":true,"showFlares":true,"showImageEffects":true,"showParticleSystems":true,"showVisualEffectGraphs":true,"m_FxEnabled":true},"in2DMode":false,"pivot":{"x":12.085847854614258,"y":1.4497992992401124,"z":-0.04661136865615845},"rotation":{"x":0.12224903702735901,"y":-0.7391603589057922,"z":0.13954515755176545,"w":0.6475021243095398},"size":2.5407114028930666,"orthographic":true}