{"cameraMode":{"drawMode":0,"name":"Shaded","section":"Shading Mode"},"sceneLighting":false,"audioPlay":false,"sceneViewState":{"m_AlwaysRefresh":false,"showFog":true,"showSkybox":false,"showFlares":true,"showImageEffects":true,"showParticleSystems":true,"showVisualEffectGraphs":true,"m_FxEnabled":true},"in2DMode":false,"pivot":{"x":-2.152012348175049,"y":-1.1363511085510255,"z":-1.3035812377929688},"rotation":{"x":0.041737351566553119,"y":-0.4928383529186249,"z":0.02367303892970085,"w":0.8688039779663086},"size":2.627436876296997,"orthographic":true}