{"cameraMode":{"drawMode":0,"name":"Shaded","section":"Shading Mode"},"sceneLighting":true,"audioPlay":false,"sceneViewState":{"m_AlwaysRefresh":false,"showFog":true,"showSkybox":false,"showFlares":true,"showImageEffects":true,"showParticleSystems":true,"showVisualEffectGraphs":true,"m_FxEnabled":true},"in2DMode":false,"pivot":{"x":-0.09384118765592575,"y":1.5537892580032349,"z":0.27238279581069949},"rotation":{"x":0.1180623322725296,"y":-0.2243681401014328,"z":0.02741970308125019,"w":0.9669674634933472},"size":0.4693637192249298,"orthographic":true}